<?xml version="1.0" encoding="UTF-8"?>
<beans xmlns="http://www.springframework.org/schema/beans"
		xmlns:xsi="http://www.w3.org/2001/XMLSchema-instance"
		xmlns:p="http://www.springframework.org/schema/p"
		xmlns:tx="http://www.springframework.org/schema/tx"
		xmlns:aop="http://www.springframework.org/schema/aop"
		xsi:schemaLocation="http://www.springframework.org/schema/beans 
			http://www.springframework.org/schema/beans/spring-beans-3.2.xsd
			http://www.springframework.org/schema/tx
			http://www.springframework.org/schema/tx/spring-tx-3.2.xsd
			http://www.springframework.org/schema/aop
			http://www.springframework.org/schema/aop/spring-aop-3.2.xsd">
  <!-- 配置数据源 -->
  <bean id="dataSource" class="org.apache.commons.dbcp.BasicDataSource">
    <property name="driverClassName" value="oracle.jdbc.driver.OracleDriver"></property>
    <property name="url" value="jdbc:oracle:thin:@localhost:1522:HUAYU"></property>
    <property name="username" value="hzhy"></property>
    <property name="password" value="hzhy"></property>
    <!-- 初始连接数 -->
    <property name="initialSize" value="10"></property>
    <!-- 最大活动连接数 -->
    <property name="maxActive" value="100"></property>
    <!-- 最大空闲连接数 -->
    <property name="maxIdle" value="30"></property>
    <!-- 最大空闲等待时间 -->
    <property name="maxWait" value="30000"></property>
  </bean>
  
  <!-- 配置SessionFactory -->
  <bean id="sessionFactory" class="org.springframework.orm.hibernate3.LocalSessionFactoryBean">
    <property name="dataSource" ref="dataSource"></property>
   <!--  <property name="configLocation" value="classpath:hibernate.cfg.xml"></property> -->
   <!-- 配置Hibernate属性（为创建SessionFactory对象服务的） -->
   <property name="hibernateProperties">
     <props>
       <prop key="hibernate.dialect">org.hibernate.dialect.Oracle10gDialect</prop>
       <prop key="hibernate.show_sql">true</prop>
       <prop key="hibernate.format_sql">true</prop>
     </props>
   </property>
   <!-- 配置映射文件路径 -->
   <property name="mappingResources">
     <list>
       <value>cn/hzhy/oa/entity/Employee.hbm.xml</value>
       <value>cn/hzhy/oa/entity/Role.hbm.xml</value>
       <value>cn/hzhy/oa/entity/Right.hbm.xml</value>
     </list>
   </property>
   
  </bean>
  <!-- 配置DAO -->
  <bean id="employeeDao" class="cn.hzhy.oa.dao.impl.EmployeeDaoImpl">
    <property name="sessionFactory" ref="sessionFactory"></property>
  </bean>
  <!-- 配置Service -->
  <bean id="employeeService" class="cn.hzhy.oa.service.impl.EmployeeServiceImpl">
    <property name="employeeDao" ref="employeeDao"></property>
  </bean>  
  <!-- 配置Action -->
  <bean id="employeeAction" class="cn.hzhy.oa.web.action.EmployeeAction">
    <property name="employeeService" ref="employeeService" ></property>
  </bean>

  <!-- 配置Hibernate事务管理器 -->
  <bean id="transactionManager" 
  	class="org.springframework.orm.hibernate3.HibernateTransactionManager">
    <property name="sessionFactory" ref="sessionFactory"></property>
  </bean>
  
  <!-- 配置事务规则 -->
  <tx:advice id="txAdvice" transaction-manager="transactionManager">
    <tx:attributes>
      <tx:method name="get*" propagation="SUPPORTS" isolation="DEFAULT" read-only="true"/>
      <tx:method name="find*" propagation="SUPPORTS" isolation="DEFAULT" read-only="true"/>
      <tx:method name="search*" propagation="SUPPORTS" isolation="DEFAULT" read-only="true"/>
      <tx:method name="list*" propagation="SUPPORTS" isolation="DEFAULT" read-only="true"/>
      <tx:method name="add*" propagation="REQUIRED" isolation="DEFAULT" read-only="false"/>
      <tx:method name="insert*" propagation="REQUIRED" isolation="DEFAULT" read-only="false"/>
      <tx:method name="save*" propagation="REQUIRED" isolation="DEFAULT" read-only="false"/>
      <tx:method name="del*" propagation="REQUIRED" isolation="DEFAULT" read-only="false"/>
      <tx:method name="update*" propagation="REQUIRED" isolation="DEFAULT" read-only="false"/>
      <tx:method name="modify*" propagation="REQUIRED" isolation="DEFAULT" read-only="false"/>
      <tx:method name="*" propagation="REQUIRED" isolation="DEFAULT" read-only="false"/>      
    </tx:attributes>
  </tx:advice>
  
  <!-- 定义事务切面 -->
  <aop:config>
    <!-- 定义切入点 -->
    <aop:pointcut expression="execution(* cn.hzhy.oa.service.*.*(..))" id="serviceMethod"/>
    <!-- 将事务增强处理和切入点结合，形成事务切面 -->
    <aop:advisor advice-ref="txAdvice" pointcut-ref="serviceMethod"/>
  </aop:config>
</beans>


