<beans xmlns="http://www.springframework.org/schema/beans"
	xmlns:xsi="http://www.w3.org/2001/XMLSchema-instance" xmlns:mvc="http://www.springframework.org/schema/mvc"
	xmlns:context="http://www.springframework.org/schema/context"
	xmlns:aop="http://www.springframework.org/schema/aop" xmlns:tx="http://www.springframework.org/schema/tx"
	xsi:schemaLocation="http://www.springframework.org/schema/beans 
		http://www.springframework.org/schema/beans/spring-beans-3.2.xsd 
		http://www.springframework.org/schema/mvc 
		http://www.springframework.org/schema/mvc/spring-mvc-3.2.xsd 
		http://www.springframework.org/schema/context 
		http://www.springframework.org/schema/context/spring-context-3.2.xsd 
		http://www.springframework.org/schema/aop 
		http://www.springframework.org/schema/aop/spring-aop-3.2.xsd 
		http://www.springframework.org/schema/tx 
		http://www.springframework.org/schema/tx/spring-tx-3.2.xsd ">

    <context:property-placeholder location="classpath:df.properties"/>

    <!--数据源-->
	<bean id="dataSource" class="org.apache.commons.dbcp.BasicDataSource">
		<property name="url" value="${mysql.url}" />
		<property name="driverClassName" value="${mysql.driverClassName}" />
		<property name="username" value="${mysql.username}" />
        <!--MySQL密码-->
		<property name="password" value="${mysql.password}" />
	</bean>

    <!-- Redis连接池的配置 -->
    <bean id="jedisPoolConfig" class="redis.clients.jedis.JedisPoolConfig" >
        <property name="maxTotal" value="${redis.pool.maxActive}"/>
        <property name="maxIdle" value="${redis.pool.maxIdle}"/>
        <property name="minIdle" value="${redis.pool.minIdle}"/>
        <property name="maxWaitMillis" value="${redis.pool.maxWait}"/>
        <property name="testOnBorrow" value="${redis.pool.testOnBorrow}"/>
        <property name="testOnReturn" value="${redis.pool.testOnReturn}"/>
    </bean>
    <bean id="jedisPool" class="redis.clients.jedis.JedisPool">
        <constructor-arg index="0" ref="jedisPoolConfig"/>
        <constructor-arg index="1" value="${redis.hostName}" />
        <constructor-arg index="2" value="${redis.port}" />
        <constructor-arg index="3" value="${redis.timeout}" />
        <!--Redis密码-->
        <constructor-arg index="4" value="${redis.password}" />
    </bean>

    <!--邮件处理-->
    <bean id="javaMailSender" class="org.springframework.mail.javamail.JavaMailSenderImpl">
        <property name="host" value="${mail.host}"/>
        <property name="username" value="${mail.username}"/>
        <property name="password" value="${mail.password}"/>
        <property name="javaMailProperties">
            <props>
                <prop key="mail.smtp.auth">true</prop>
            </props>
        </property>
    </bean>

    <!--注解，声明式事务-->
    <tx:annotation-driven transaction-manager="transactionManager" />
    <!--事务管理器-->
	<bean id="transactionManager" class="org.springframework.jdbc.datasource.DataSourceTransactionManager ">
		<property name="dataSource" ref="dataSource"/>
	</bean>


    <!-- session工厂 -->
    <bean id="sqlSessionFactory" class="org.mybatis.spring.SqlSessionFactoryBean">
        <property name="dataSource" ref="dataSource"/>
        <property name="configLocation" value="classpath:mybatis-config.xml"/>
    </bean>

    <!-- 扫描器 -->
    <bean class="org.mybatis.spring.mapper.MapperScannerConfigurer">
        <property name="basePackage" value="com.fc.mapper"/>
        <property name="sqlSessionFactoryBeanName" value="sqlSessionFactory"/>
    </bean>

    <!--线程池-->
    <bean id="taskExecutor" class="org.springframework.scheduling.concurrent.ThreadPoolTaskExecutor">
        <property name="corePoolSize" value="10"/>
        <property name="maxPoolSize" value="20"/>
        <property name="queueCapacity" value="20"/>
    </bean>


</beans>