<?xml version="1.0" encoding="UTF-8" ?>
<!DOCTYPE mapper PUBLIC "-//mybatis.org//DTD Mapper 3.0//EN" "http://mybatis.org/dtd/mybatis-3-mapper.dtd" >
<mapper namespace="cn.ssm.oa.mapper.ReplyMapper" >
  <resultMap id="BaseResultMap" type="cn.ssm.oa.po.Reply" >
    <!--
      WARNING - @mbggenerated
    -->
    <id column="id" property="id" jdbcType="BIGINT" />
    <result column="title" property="title" jdbcType="VARCHAR" />
    <result column="faceIcon" property="faceIcon" jdbcType="VARCHAR" />
    <result column="postTime" property="postTime" jdbcType="TIMESTAMP" />
    <result column="ipAddr" property="ipAddr" jdbcType="VARCHAR" />
    <result column="authorId" property="authorId" jdbcType="BIGINT" />
    <result column="topicId" property="topicId" jdbcType="BIGINT" />
    <result column="content" property="content" jdbcType="LONGVARCHAR" />
  </resultMap>
</mapper>