<?xml version="1.0" encoding="UTF-8"?>
<beans xmlns="http://www.springframework.org/schema/beans"
       xmlns:xsi="http://www.w3.org/2001/XMLSchema-instance" xmlns:p="http://www.springframework.org/schema/p"
       xmlns:context="http://www.springframework.org/schema/context"
       xmlns:mvc="http://www.springframework.org/schema/mvc"
       xmlns:task="http://www.springframework.org/schema/task"
       xsi:schemaLocation="http://www.springframework.org/schema/beans
                        http://www.springframework.org/schema/beans/spring-beans-3.1.xsd
                        http://www.springframework.org/schema/context
                        http://www.springframework.org/schema/context/spring-context-3.1.xsd
                        http://www.springframework.org/schema/mvc
                        http://www.springframework.org/schema/mvc/spring-mvc-4.0.xsd
                        http://www.springframework.org/schema/task
                        http://www.springframework.org/schema/task/spring-task.xsd">
    <import resource="classpath:spring-ehcache.xml"/>
    <!-- 自动扫描该包，使SpringMVC认为包下用了@controller注解的类是控制器 -->
    <context:component-scan base-package="com.controller" />
    <!-- 开启注解 -->
    <mvc:annotation-driven />


  <!-- 拦截器配置 -->
    <mvc:interceptors> 
		<!-- 当路径相同时，拦截器的配置顺序决定了拦截器的执行顺序。 -->
		<mvc:interceptor>
			 <mvc:mapping path="/*/*" />
			<mvc:mapping path="/*"/><!-- 拦截所有/mvc开头的二级目录 -->
			<bean class="com.intercepter.MyInterceptor" />
		</mvc:interceptor>
	</mvc:interceptors>  

<!--    <mvc:resources mapping="/stylesheets/**" location="/stylesheets/" />
    <mvc:resources mapping="/javascripts/**" location="/javascripts/" />-->
    <!--避免IE执行AJAX时，返回JSON出现下载文件 -->
    <bean id="mappingJacksonHttpMessageConverter"
          class="org.springframework.http.converter.json.MappingJacksonHttpMessageConverter">
        <property name="supportedMediaTypes">
            <list>
                <value>text/html;charset=UTF-8</value>
            </list>
        </property>
    </bean>
    <!-- 启动SpringMVC的注解功能，完成请求和注解POJO的映射 -->
    <bean
            class="org.springframework.web.servlet.mvc.annotation.AnnotationMethodHandlerAdapter">
        <property name="messageConverters">
            <list>
                <ref bean="mappingJacksonHttpMessageConverter" />	<!-- JSON转换器 -->
            </list>
        </property>
    </bean>
    <!-- 定义跳转的文件的前后缀 ，视图模式配置-->
    <bean class="org.springframework.web.servlet.view.InternalResourceViewResolver">
        <!-- 这里的配置我的理解是自动给后面action的方法return的字符串加上前缀和后缀，变成一个 可用的url地址 -->
        <property name="prefix" value="/WEB-INF/jsp/" />
        <property name="suffix" value=".jsp" />
    </bean>

    <!-- 配置文件上传，如果没有使用文件上传可以不用配置，当然如果不配，那么配置文件中也不必引入上传组件包 -->
    <bean id="multipartResolver"
          class="org.springframework.web.multipart.commons.CommonsMultipartResolver">
        <!-- 默认编码 -->
        <property name="defaultEncoding" value="utf-8" />
        <!-- 文件大小最大值 -->
        <property name="maxUploadSize" value="10485760000" />
        <!-- 内存中的最大值 -->
        <property name="maxInMemorySize" value="40960" />
    </bean>




    <!--&lt;!&ndash; task任务扫描注解 &ndash;&gt;-->
    <!--<task:annotation-driven   定时任务注解/>-->
    <task:scheduler id="scheduler" pool-size="10" />
    <task:executor id="executor" keep-alive="3600" pool-size="100-200"
                   queue-capacity="500" rejection-policy="CALLER_RUNS" />
    <task:annotation-driven executor="executor" scheduler="scheduler" />


    <!--配置钉钉sdk-->
<!--    <bean id="defaultConfig" class="com.dingtalk.open.client.DefaultConfig">
        <property name="apiBasePackage" value="com.dingtalk.open.client.api"/>&lt;!&ndash;存放API代码的包路径&ndash;&gt;
        <property name="globalHttpConfig">&lt;!&ndash;全局配置&ndash;&gt;
            <bean class="com.dingtalk.open.client.DefaultConfig.HttpConfig">
                <property name="readTimeout" value="30000" />&lt;!&ndash;发出http请求后,在收到响应前等待的最长时间,超过等待时间则抛出服务器没有返回数据的异常,单位毫秒&ndash;&gt;
                <property name="connectTimeout" value="3000" />&lt;!&ndash;建立http连接最长等待时间,超过等待时间则抛出连接建立失败的异常,单位毫秒&ndash;&gt;
            </bean>
        </property>
        <property name="folwControl">&lt;!&ndash;流控选项&ndash;&gt;
            <bean class="com.dingtalk.open.client.DefaultConfig.FolwControl">
                <property name="isUse" value="true" />&lt;!&ndash;是否启用流控,默认启用&ndash;&gt;
                <property name="maxQpm" value="1500" />&lt;!&ndash;流控开启时,每分钟发送请求的最大次数&ndash;&gt;
                <property name="threadPoolSize" value="4" />&lt;!&ndash;从流控队列读取任务的线程池中线程的数量,默认4&ndash;&gt;
            </bean>
        </property>
        <property name="customHttpConfig">&lt;!&ndash;自定义配置项,优先级高于全局配置&ndash;&gt;
            <map>
                <entry key="/service/get_suite_token">&lt;!&ndash;服务端接口&ndash;&gt;
                    <bean class="com.dingtalk.open.client.DefaultConfig.HttpConfig">
                        <property name="requestTimeout" value="1000" />&lt;!&ndash;在服务器返回全部结果前等待的最长时间,单位毫秒&ndash;&gt;
                    </bean>
                </entry>
            </map>
        </property>
    </bean>
    <bean id="serviceFactory"
          class="com.dingtalk.open.client.spring.DingOpenClientServiceFactoryBean">
        <property name="defaultConfig" ref="defaultConfig" />
    </bean>

    <bean id="corpConnectionService" class="com.dingtalk.open.client.spring.DingOpenClientApiBean">
        <property name="serviceFactory" ref="serviceFactory" />
        <property name="interfaceName"
                  value="com.dingtalk.open.client.api.service.corp.CorpConnectionService" />
    </bean>
    <bean id="corpUserService" class="com.dingtalk.open.client.spring.DingOpenClientApiBean">
        <property name="serviceFactory" ref="serviceFactory" />
        <property name="interfaceName"
                  value="com.dingtalk.open.client.api.service.corp.CorpUserService" />
    </bean>-->
</beans>