<?xml version="1.0" encoding="UTF-8"?>
<beans xmlns="http://www.springframework.org/schema/beans"
	xmlns:xsi="http://www.w3.org/2001/XMLSchema-instance" 
	xmlns:context="http://www.springframework.org/schema/context"
	xmlns:cache="http://www.springframework.org/schema/cache"
	xsi:schemaLocation="http://www.springframework.org/schema/beans 
		http://www.springframework.org/schema/beans/spring-beans.xsd  
    	http://www.springframework.org/schema/context 
    	http://www.springframework.org/schema/context/spring-context.xsd 
    	http://www.springframework.org/schema/cache 
    	http://www.springframework.org/schema/cache/spring-cache.xsd">

	<bean id="cacheManagerFactory"
		class="org.springframework.cache.ehcache.EhCacheManagerFactoryBean">
		<property name="configLocation" value="classpath:ehcache.xml" />
		<property name="shared" value="true" />
	</bean>
	
	<!-- 默认是cacheManager -->
	<bean id="cacheManager" class="org.springframework.cache.ehcache.EhCacheCacheManager">
		<property name="cacheManager" ref="cacheManagerFactory" />
	</bean>
	
	
	<!-- 支持缓存注解 -->
	<cache:annotation-driven cache-manager="cacheManager" />
	
	
	
	<bean class="com.ecache.SysEchcacheFade" init-method="loadCache" >
        <property name="fade">
           <list>
             <ref bean="sysEchcacheImpl"/>
           
           </list>
        </property>
    </bean>
    
    <bean id="sysEchcacheImpl" class="com.ecache.Impl.SystemCacheImpl" />

</beans>