<?xml version="1.0" encoding="UTF-8"?>
<beans xmlns="http://www.springframework.org/schema/beans"
	xmlns:xsi="http://www.w3.org/2001/XMLSchema-instance" xmlns:mvc="http://www.springframework.org/schema/mvc"
	xmlns:context="http://www.springframework.org/schema/context"
	xmlns:aop="http://www.springframework.org/schema/aop" xmlns:tx="http://www.springframework.org/schema/tx"
	xsi:schemaLocation="http://www.springframework.org/schema/beans 
		http://www.springframework.org/schema/beans/spring-beans-3.2.xsd 
		http://www.springframework.org/schema/mvc 
		http://www.springframework.org/schema/mvc/spring-mvc-3.2.xsd 
		http://www.springframework.org/schema/context 
		http://www.springframework.org/schema/context/spring-context-3.2.xsd 
		http://www.springframework.org/schema/aop 
		http://www.springframework.org/schema/aop/spring-aop-3.2.xsd 
		http://www.springframework.org/schema/tx 
		http://www.springframework.org/schema/tx/spring-tx-3.2.xsd ">

	<!-- xml文件非注解配置service，使其Spring管理
		(可以改成注解式@Service,前提是在springmvc.xml文件中配置
		<context:component-scan base-package="cn.ssm.oa.service.impl"></context:component-scan>
		即：扫描所有的service注解@Service
		) 
	-->
	<bean id="roleService" class="cn.ssm.oa.service.impl.RoleServiceImpl"></bean>
	<bean id="departmentService" class="cn.ssm.oa.service.impl.DepartmentServiceImpl"></bean>
	<bean id="userService" class="cn.ssm.oa.service.impl.UserServiceImpl"></bean>
	<bean id="privilegeService" class="cn.ssm.oa.service.impl.PrivilegeServiceImpl"></bean>
	<bean id="forumService" class="cn.ssm.oa.service.impl.ForumServiceImpl"></bean>
	<bean id="topicService" class="cn.ssm.oa.service.impl.TopicServiceImpl"></bean>
	<bean id="replyService" class="cn.ssm.oa.service.impl.ReplyServiceImpl"></bean>
</beans>