<?xml version="1.0" encoding="UTF-8"?>
<beans xmlns="http://www.springframework.org/schema/beans"
	xmlns:xsi="http://www.w3.org/2001/XMLSchema-instance" xmlns:mvc="http://www.springframework.org/schema/mvc"
	xmlns:context="http://www.springframework.org/schema/context"
	xmlns:aop="http://www.springframework.org/schema/aop" xmlns:tx="http://www.springframework.org/schema/tx"
	xsi:schemaLocation="http://www.springframework.org/schema/beans 
		http://www.springframework.org/schema/beans/spring-beans-3.2.xsd 
		http://www.springframework.org/schema/mvc 
		http://www.springframework.org/schema/mvc/spring-mvc-3.2.xsd 
		http://www.springframework.org/schema/context 
		http://www.springframework.org/schema/context/spring-context-3.2.xsd 
		http://www.springframework.org/schema/aop 
		http://www.springframework.org/schema/aop/spring-aop-3.2.xsd 
		http://www.springframework.org/schema/tx 
		http://www.springframework.org/schema/tx/spring-tx-3.2.xsd ">

	<!-- 配置访问数据库的key/value属性文件的位置 -->
	<context:property-placeholder location="classpath:db.properties"/>		
	
	<!-- 配置dbcp数据源 -->
	<bean id="dataSource" class="org.apache.commons.dbcp.BasicDataSource" destroy-method="close">
		<property name="driverClassName" value="${jdbc.driver}" />
		<property name="url" value="${jdbc.url}" />
		<property name="username" value="${jdbc.username}" />
		<property name="password" value="${jdbc.password}" />
		<property name="maxActive" value="10" />
		<property name="maxIdle" value="5" />
	</bean>
	
	<!-- 配置sqlSessionFactory -->
	<bean id="sqlSessionFactory" class="org.mybatis.spring.SqlSessionFactoryBean">
		<property name="configLocation" value="classpath:mybatis/sqlMapConfig.xml"></property>
		<property name="dataSource" ref="dataSource"></property>
		<!-- 当mybatis的mapper.xml文件和mapper.java接口不在相同包(目录)下时，需要用mapperLocations属性指定xml文件的路径。  
         *是个通配符，代表所有的文件，**代表所有目录下 ，如果目录固定，可以简写成classpath:mapper/*.xml-->  
		<property name="mapperLocations" value="classpath:mapper/**/*.xml" />  
	</bean>
	
	<!-- 配置mapper扫描器 -->
	<!-- <bean class="org.mybatis.spring.mapper.MapperScannerConfigurer">
		<property name="basePackage" value="cn.ssm.oa.mapper"></property>
		<property name="sqlSessionFactoryBeanName" value="sqlSessionFactory"></property>
	</bean> -->
	
	<!-- 使用通用Mapper插件的方式：配置集成了通用Mapper接口的扫描器 -->
	<bean class="tk.mybatis.spring.mapper.MapperScannerConfigurer">
	  <property name="basePackage" value="cn.ssm.oa.mapper"/><!-- 扫描集成了Mapper<T>的接口 -->
	  <property name="sqlSessionFactoryBeanName" value="sqlSessionFactory"></property>
	</bean>

</beans>