<?xml version="1.0" encoding="UTF-8" ?>
<!DOCTYPE mapper PUBLIC "-//mybatis.org//DTD Mapper 3.0//EN" "http://mybatis.org/dtd/mybatis-3-mapper.dtd" >
<mapper namespace="com.dao.ExpenseApplayTaxiMapper" >
  <resultMap id="BaseResultMap" type="com.model.ExpenseApplayTaxi" >
    <id column="id" property="id" jdbcType="INTEGER" />
    <result column="staff_id" property="staffId" jdbcType="VARCHAR" />
    <result column="staff_name" property="staffName" jdbcType="VARCHAR" />
    <result column="staff_depart" property="staffDepart" jdbcType="VARCHAR" />
    <result column="start_address" property="startAddress" jdbcType="VARCHAR" />
    <result column="end_address" property="endAddress" jdbcType="VARCHAR" />
    <result column="start_time" property="startTime" jdbcType="VARCHAR" />
    <result column="end_time" property="endTime" jdbcType="VARCHAR" />
    <result column="money_cost" property="moneyCost" jdbcType="DOUBLE" />
    <result column="detail_explain" property="detailExplain" jdbcType="VARCHAR" />
    <result column="reason" property="reason" jdbcType="VARCHAR" />
    <result column="staff_user_id" property="staffUserId" jdbcType="VARCHAR" />
    <result column="trip_id" property="tripId" jdbcType="INTEGER" />
    <result column="applay_status" property="applayStatus" jdbcType="VARCHAR" />
    <result column="start_city" property="startCity" jdbcType="VARCHAR" />
    <result column="image_url" property="imageUrl" jdbcType="VARCHAR" />
  </resultMap>
  <sql id="Example_Where_Clause" >
    <where >
      <foreach collection="oredCriteria" item="criteria" separator="or" >
        <if test="criteria.valid" >
          <trim prefix="(" suffix=")" prefixOverrides="and" >
            <foreach collection="criteria.criteria" item="criterion" >
              <choose >
                <when test="criterion.noValue" >
                  and ${criterion.condition}
                </when>
                <when test="criterion.singleValue" >
                  and ${criterion.condition} #{criterion.value}
                </when>
                <when test="criterion.betweenValue" >
                  and ${criterion.condition} #{criterion.value} and #{criterion.secondValue}
                </when>
                <when test="criterion.listValue" >
                  and ${criterion.condition}
                  <foreach collection="criterion.value" item="listItem" open="(" close=")" separator="," >
                    #{listItem}
                  </foreach>
                </when>
              </choose>
            </foreach>
          </trim>
        </if>
      </foreach>
    </where>
  </sql>
  <sql id="Base_Column_List" >
    id, staff_id, staff_name, staff_depart, start_address, end_address, start_time, end_time, 
    money_cost, detail_explain, reason, staff_user_id, trip_id, applay_status, start_city, 
    image_url
  </sql>
  <select id="selectByExample" resultMap="BaseResultMap" parameterType="com.model.ExpenseApplayTaxiExample" >
    select
    <if test="distinct" >
      distinct
    </if>
    <include refid="Base_Column_List" />
    from expense_applay_taxi
    <if test="_parameter != null" >
      <include refid="Example_Where_Clause" />
    </if>
    <if test="orderByClause != null" >
      order by ${orderByClause}
    </if>
  </select>
  <select id="selectByPrimaryKey" resultMap="BaseResultMap" parameterType="java.lang.Integer" >
    select 
    <include refid="Base_Column_List" />
    from expense_applay_taxi
    where id = #{id,jdbcType=INTEGER}
  </select>
  <delete id="deleteByPrimaryKey" parameterType="java.lang.Integer" >
    delete from expense_applay_taxi
    where id = #{id,jdbcType=INTEGER}
  </delete>
  <insert id="insert" parameterType="com.model.ExpenseApplayTaxi" >
  <selectKey resultType="int" order="AFTER" keyProperty="id">
     SELECT LAST_INSERT_ID() AS id
   </selectKey>
    insert into expense_applay_taxi (id, staff_id, staff_name, 
      staff_depart, start_address, end_address, 
      start_time, end_time, money_cost, 
      detail_explain, reason, staff_user_id, 
      trip_id, applay_status, start_city, 
      image_url)
    values (#{id,jdbcType=INTEGER}, #{staffId,jdbcType=VARCHAR}, #{staffName,jdbcType=VARCHAR}, 
      #{staffDepart,jdbcType=VARCHAR}, #{startAddress,jdbcType=VARCHAR}, #{endAddress,jdbcType=VARCHAR}, 
      #{startTime,jdbcType=VARCHAR}, #{endTime,jdbcType=VARCHAR}, #{moneyCost,jdbcType=DOUBLE}, 
      #{detailExplain,jdbcType=VARCHAR}, #{reason,jdbcType=VARCHAR}, #{staffUserId,jdbcType=VARCHAR}, 
      #{tripId,jdbcType=INTEGER}, #{applayStatus,jdbcType=VARCHAR}, #{startCity,jdbcType=VARCHAR}, 
      #{imageUrl,jdbcType=VARCHAR})
  </insert>
  <insert id="insertSelective" parameterType="com.model.ExpenseApplayTaxi" >
    insert into expense_applay_taxi
    <trim prefix="(" suffix=")" suffixOverrides="," >
      <if test="id != null" >
        id,
      </if>
      <if test="staffId != null" >
        staff_id,
      </if>
      <if test="staffName != null" >
        staff_name,
      </if>
      <if test="staffDepart != null" >
        staff_depart,
      </if>
      <if test="startAddress != null" >
        start_address,
      </if>
      <if test="endAddress != null" >
        end_address,
      </if>
      <if test="startTime != null" >
        start_time,
      </if>
      <if test="endTime != null" >
        end_time,
      </if>
      <if test="moneyCost != null" >
        money_cost,
      </if>
      <if test="detailExplain != null" >
        detail_explain,
      </if>
      <if test="reason != null" >
        reason,
      </if>
      <if test="staffUserId != null" >
        staff_user_id,
      </if>
      <if test="tripId != null" >
        trip_id,
      </if>
      <if test="applayStatus != null" >
        applay_status,
      </if>
      <if test="startCity != null" >
        start_city,
      </if>
      <if test="imageUrl != null" >
        image_url,
      </if>
    </trim>
    <trim prefix="values (" suffix=")" suffixOverrides="," >
      <if test="id != null" >
        #{id,jdbcType=INTEGER},
      </if>
      <if test="staffId != null" >
        #{staffId,jdbcType=VARCHAR},
      </if>
      <if test="staffName != null" >
        #{staffName,jdbcType=VARCHAR},
      </if>
      <if test="staffDepart != null" >
        #{staffDepart,jdbcType=VARCHAR},
      </if>
      <if test="startAddress != null" >
        #{startAddress,jdbcType=VARCHAR},
      </if>
      <if test="endAddress != null" >
        #{endAddress,jdbcType=VARCHAR},
      </if>
      <if test="startTime != null" >
        #{startTime,jdbcType=VARCHAR},
      </if>
      <if test="endTime != null" >
        #{endTime,jdbcType=VARCHAR},
      </if>
      <if test="moneyCost != null" >
        #{moneyCost,jdbcType=DOUBLE},
      </if>
      <if test="detailExplain != null" >
        #{detailExplain,jdbcType=VARCHAR},
      </if>
      <if test="reason != null" >
        #{reason,jdbcType=VARCHAR},
      </if>
      <if test="staffUserId != null" >
        #{staffUserId,jdbcType=VARCHAR},
      </if>
      <if test="tripId != null" >
        #{tripId,jdbcType=INTEGER},
      </if>
      <if test="applayStatus != null" >
        #{applayStatus,jdbcType=VARCHAR},
      </if>
      <if test="startCity != null" >
        #{startCity,jdbcType=VARCHAR},
      </if>
      <if test="imageUrl != null" >
        #{imageUrl,jdbcType=VARCHAR},
      </if>
    </trim>
  </insert>
  <update id="updateByPrimaryKeySelective" parameterType="com.model.ExpenseApplayTaxi" >
    update expense_applay_taxi
    <set >
      <if test="staffId != null" >
        staff_id = #{staffId,jdbcType=VARCHAR},
      </if>
      <if test="staffName != null" >
        staff_name = #{staffName,jdbcType=VARCHAR},
      </if>
      <if test="staffDepart != null" >
        staff_depart = #{staffDepart,jdbcType=VARCHAR},
      </if>
      <if test="startAddress != null" >
        start_address = #{startAddress,jdbcType=VARCHAR},
      </if>
      <if test="endAddress != null" >
        end_address = #{endAddress,jdbcType=VARCHAR},
      </if>
      <if test="startTime != null" >
        start_time = #{startTime,jdbcType=VARCHAR},
      </if>
      <if test="endTime != null" >
        end_time = #{endTime,jdbcType=VARCHAR},
      </if>
      <if test="moneyCost != null" >
        money_cost = #{moneyCost,jdbcType=DOUBLE},
      </if>
      <if test="detailExplain != null" >
        detail_explain = #{detailExplain,jdbcType=VARCHAR},
      </if>
      <if test="reason != null" >
        reason = #{reason,jdbcType=VARCHAR},
      </if>
      <if test="staffUserId != null" >
        staff_user_id = #{staffUserId,jdbcType=VARCHAR},
      </if>
      <if test="tripId != null" >
        trip_id = #{tripId,jdbcType=INTEGER},
      </if>
      <if test="applayStatus != null" >
        applay_status = #{applayStatus,jdbcType=VARCHAR},
      </if>
      <if test="startCity != null" >
        start_city = #{startCity,jdbcType=VARCHAR},
      </if>
      <if test="imageUrl != null" >
        image_url = #{imageUrl,jdbcType=VARCHAR},
      </if>
    </set>
    where id = #{id,jdbcType=INTEGER}
  </update>
  <update id="updateByPrimaryKey" parameterType="com.model.ExpenseApplayTaxi" >
    update expense_applay_taxi
    set staff_id = #{staffId,jdbcType=VARCHAR},
      staff_name = #{staffName,jdbcType=VARCHAR},
      staff_depart = #{staffDepart,jdbcType=VARCHAR},
      start_address = #{startAddress,jdbcType=VARCHAR},
      end_address = #{endAddress,jdbcType=VARCHAR},
      start_time = #{startTime,jdbcType=VARCHAR},
      end_time = #{endTime,jdbcType=VARCHAR},
      money_cost = #{moneyCost,jdbcType=DOUBLE},
      detail_explain = #{detailExplain,jdbcType=VARCHAR},
      reason = #{reason,jdbcType=VARCHAR},
      staff_user_id = #{staffUserId,jdbcType=VARCHAR},
      trip_id = #{tripId,jdbcType=INTEGER},
      applay_status = #{applayStatus,jdbcType=VARCHAR},
      start_city = #{startCity,jdbcType=VARCHAR},
      image_url = #{imageUrl,jdbcType=VARCHAR}
    where id = #{id,jdbcType=INTEGER}
  </update>
  
</mapper>