<?xml version="1.0" encoding="UTF-8" ?>
<!DOCTYPE mapper PUBLIC "-//mybatis.org//DTD Mapper 3.0//EN" "http://mybatis.org/dtd/mybatis-3-mapper.dtd" >
<mapper namespace="com.dao.YoDatetypeMapper" >
  <resultMap id="BaseResultMap" type="com.model.YoDatetype" >
    <id column="date_id" property="dateId" jdbcType="INTEGER" />
    <result column="date_type" property="dateType" jdbcType="VARCHAR" />
  </resultMap>
  <sql id="Example_Where_Clause" >
    <where >
      <foreach collection="oredCriteria" item="criteria" separator="or" >
        <if test="criteria.valid" >
          <trim prefix="(" suffix=")" prefixOverrides="and" >
            <foreach collection="criteria.criteria" item="criterion" >
              <choose >
                <when test="criterion.noValue" >
                  and ${criterion.condition}
                </when>
                <when test="criterion.singleValue" >
                  and ${criterion.condition} #{criterion.value}
                </when>
                <when test="criterion.betweenValue" >
                  and ${criterion.condition} #{criterion.value} and #{criterion.secondValue}
                </when>
                <when test="criterion.listValue" >
                  and ${criterion.condition}
                  <foreach collection="criterion.value" item="listItem" open="(" close=")" separator="," >
                    #{listItem}
                  </foreach>
                </when>
              </choose>
            </foreach>
          </trim>
        </if>
      </foreach>
    </where>
  </sql>
  <sql id="Update_By_Example_Where_Clause" >
    <where >
      <foreach collection="example.oredCriteria" item="criteria" separator="or" >
        <if test="criteria.valid" >
          <trim prefix="(" suffix=")" prefixOverrides="and" >
            <foreach collection="criteria.criteria" item="criterion" >
              <choose >
                <when test="criterion.noValue" >
                  and ${criterion.condition}
                </when>
                <when test="criterion.singleValue" >
                  and ${criterion.condition} #{criterion.value}
                </when>
                <when test="criterion.betweenValue" >
                  and ${criterion.condition} #{criterion.value} and #{criterion.secondValue}
                </when>
                <when test="criterion.listValue" >
                  and ${criterion.condition}
                  <foreach collection="criterion.value" item="listItem" open="(" close=")" separator="," >
                    #{listItem}
                  </foreach>
                </when>
              </choose>
            </foreach>
          </trim>
        </if>
      </foreach>
    </where>
  </sql>
  <sql id="Base_Column_List" >
    date_id, date_type
  </sql>
  <select id="selectByExample" resultMap="BaseResultMap" parameterType="com.model.YoDatetypeExample" >
    select
    <if test="distinct" >
      distinct
    </if>
    <include refid="Base_Column_List" />
    from yo_datetype
    <if test="_parameter != null" >
      <include refid="Example_Where_Clause" />
    </if>
    <if test="orderByClause != null" >
      order by ${orderByClause}
    </if>
  </select>
  <select id="selectByPrimaryKey" resultMap="BaseResultMap" parameterType="java.lang.Integer" >
    select 
    <include refid="Base_Column_List" />
    from yo_datetype
    where date_id = #{dateId,jdbcType=INTEGER}
  </select>
  <delete id="deleteByPrimaryKey" parameterType="java.lang.Integer" >
    delete from yo_datetype
    where date_id = #{dateId,jdbcType=INTEGER}
  </delete>
  <delete id="deleteByExample" parameterType="com.model.YoDatetypeExample" >
    delete from yo_datetype
    <if test="_parameter != null" >
      <include refid="Example_Where_Clause" />
    </if>
  </delete>
  <insert id="insert" parameterType="com.model.YoDatetype" >
    insert into yo_datetype (date_id, date_type)
    values (#{dateId,jdbcType=INTEGER}, #{dateType,jdbcType=VARCHAR})
  </insert>
  <insert id="insertSelective" parameterType="com.model.YoDatetype" >
    insert into yo_datetype
    <trim prefix="(" suffix=")" suffixOverrides="," >
      <if test="dateId != null" >
        date_id,
      </if>
      <if test="dateType != null" >
        date_type,
      </if>
    </trim>
    <trim prefix="values (" suffix=")" suffixOverrides="," >
      <if test="dateId != null" >
        #{dateId,jdbcType=INTEGER},
      </if>
      <if test="dateType != null" >
        #{dateType,jdbcType=VARCHAR},
      </if>
    </trim>
  </insert>
  <select id="countByExample" parameterType="com.model.YoDatetypeExample" resultType="java.lang.Integer" >
    select count(*) from yo_datetype
    <if test="_parameter != null" >
      <include refid="Example_Where_Clause" />
    </if>
  </select>
  <update id="updateByExampleSelective" parameterType="map" >
    update yo_datetype
    <set >
      <if test="record.dateId != null" >
        date_id = #{record.dateId,jdbcType=INTEGER},
      </if>
      <if test="record.dateType != null" >
        date_type = #{record.dateType,jdbcType=VARCHAR},
      </if>
    </set>
    <if test="_parameter != null" >
      <include refid="Update_By_Example_Where_Clause" />
    </if>
  </update>
  <update id="updateByExample" parameterType="map" >
    update yo_datetype
    set date_id = #{record.dateId,jdbcType=INTEGER},
      date_type = #{record.dateType,jdbcType=VARCHAR}
    <if test="_parameter != null" >
      <include refid="Update_By_Example_Where_Clause" />
    </if>
  </update>
  <update id="updateByPrimaryKeySelective" parameterType="com.model.YoDatetype" >
    update yo_datetype
    <set >
      <if test="dateType != null" >
        date_type = #{dateType,jdbcType=VARCHAR},
      </if>
    </set>
    where date_id = #{dateId,jdbcType=INTEGER}
  </update>
  <update id="updateByPrimaryKey" parameterType="com.model.YoDatetype" >
    update yo_datetype
    set date_type = #{dateType,jdbcType=VARCHAR}
    where date_id = #{dateId,jdbcType=INTEGER}
  </update>
</mapper>