<?xml version="1.0" encoding="UTF-8" ?>
<!DOCTYPE mapper PUBLIC "-//mybatis.org//DTD Mapper 3.0//EN" "http://mybatis.org/dtd/mybatis-3-mapper.dtd" >
<mapper namespace="com.dao.YoOrderChangeMapper" >
  <resultMap id="BaseResultMap" type="com.model.YoOrderChange" >
    <id column="id" property="id" jdbcType="INTEGER" />
    <result column="staff_id" property="staffId" jdbcType="VARCHAR" />
    <result column="staff_user_id" property="staffUserId" jdbcType="VARCHAR" />
    <result column="department" property="department" jdbcType="VARCHAR" />
    <result column="project" property="project" jdbcType="VARCHAR" />
    <result column="order_name" property="orderName" jdbcType="VARCHAR" />
    <result column="order_number" property="orderNumber" jdbcType="VARCHAR" />
    <result column="principal" property="principal" jdbcType="VARCHAR" />
    <result column="business_property" property="businessProperty" jdbcType="VARCHAR" />
    <result column="outdoor_job" property="outdoorJob" jdbcType="VARCHAR" />
    <result column="change_province" property="changeProvince" jdbcType="VARCHAR" />
    <result column="change_city" property="changeCity" jdbcType="VARCHAR" />
    <result column="order_year" property="orderYear" jdbcType="VARCHAR" />
    <result column="modify_user" property="modifyUser" jdbcType="VARCHAR" />
    <result column="effect_time" property="effectTime" jdbcType="VARCHAR" />
    <result column="modify_time" property="modifyTime" jdbcType="VARCHAR" />
    <result column="order_status" property="orderStatus" jdbcType="VARCHAR" />
    <result column="yinda_identify" property="yindaIdentify" jdbcType="VARCHAR" />
    <result column="assess" property="assess" jdbcType="VARCHAR" />
    <result column="LTE" property="lte" jdbcType="VARCHAR" />
    <result column="contract_type" property="contractType" jdbcType="VARCHAR" />
    <result column="order_result" property="orderResult" jdbcType="VARCHAR" />
    <result column="order_remark" property="orderRemark" jdbcType="VARCHAR" />
    <result column="history_access" property="historyAccess" jdbcType="VARCHAR" />
    <result column="now_acess" property="nowAcess" jdbcType="VARCHAR" />
    <result column="username" property="username" jdbcType="VARCHAR" />
  </resultMap>
  <sql id="Example_Where_Clause" >
    <where >
      <foreach collection="oredCriteria" item="criteria" separator="or" >
        <if test="criteria.valid" >
          <trim prefix="(" suffix=")" prefixOverrides="and" >
            <foreach collection="criteria.criteria" item="criterion" >
              <choose >
                <when test="criterion.noValue" >
                  and ${criterion.condition}
                </when>
                <when test="criterion.singleValue" >
                  and ${criterion.condition} #{criterion.value}
                </when>
                <when test="criterion.betweenValue" >
                  and ${criterion.condition} #{criterion.value} and #{criterion.secondValue}
                </when>
                <when test="criterion.listValue" >
                  and ${criterion.condition}
                  <foreach collection="criterion.value" item="listItem" open="(" close=")" separator="," >
                    #{listItem}
                  </foreach>
                </when>
              </choose>
            </foreach>
          </trim>
        </if>
      </foreach>
    </where>
  </sql>
  <sql id="Base_Column_List" >
    id, staff_id, staff_user_id, department, project, order_name, order_number, principal, 
    business_property, outdoor_job, change_province, change_city, order_year, modify_user, 
    effect_time, modify_time, order_status, yinda_identify, assess, LTE, contract_type, 
    order_result, order_remark, history_access, now_acess, username
  </sql>
  <select id="selectByExample" resultMap="BaseResultMap" parameterType="com.model.YoOrderChangeExample" >
    select
    <if test="distinct" >
      distinct
    </if>
    <include refid="Base_Column_List" />
    from yo_order_change
    <if test="_parameter != null" >
      <include refid="Example_Where_Clause" />
    </if>
    <if test="orderByClause != null" >
      order by ${orderByClause}
    </if>
  </select>
  <select id="selectByPrimaryKey" resultMap="BaseResultMap" parameterType="java.lang.Integer" >
    select 
    <include refid="Base_Column_List" />
    from yo_order_change
    where id = #{id,jdbcType=INTEGER}
  </select>
  <delete id="deleteByPrimaryKey" parameterType="java.lang.Integer" >
    delete from yo_order_change
    where id = #{id,jdbcType=INTEGER}
  </delete>
  <insert id="insert" parameterType="com.model.YoOrderChange" >
    insert into yo_order_change (id, staff_id, staff_user_id, 
      department, project, order_name, 
      order_number, principal, business_property, 
      outdoor_job, change_province, change_city, 
      order_year, modify_user, effect_time, 
      modify_time, order_status, yinda_identify, 
      assess, LTE, contract_type, 
      order_result, order_remark, history_access, 
      now_acess, username)
    values (#{id,jdbcType=INTEGER}, #{staffId,jdbcType=VARCHAR}, #{staffUserId,jdbcType=VARCHAR}, 
      #{department,jdbcType=VARCHAR}, #{project,jdbcType=VARCHAR}, #{orderName,jdbcType=VARCHAR}, 
      #{orderNumber,jdbcType=VARCHAR}, #{principal,jdbcType=VARCHAR}, #{businessProperty,jdbcType=VARCHAR}, 
      #{outdoorJob,jdbcType=VARCHAR}, #{changeProvince,jdbcType=VARCHAR}, #{changeCity,jdbcType=VARCHAR}, 
      #{orderYear,jdbcType=VARCHAR}, #{modifyUser,jdbcType=VARCHAR}, #{effectTime,jdbcType=VARCHAR}, 
      #{modifyTime,jdbcType=VARCHAR}, #{orderStatus,jdbcType=VARCHAR}, #{yindaIdentify,jdbcType=VARCHAR}, 
      #{assess,jdbcType=VARCHAR}, #{lte,jdbcType=VARCHAR}, #{contractType,jdbcType=VARCHAR}, 
      #{orderResult,jdbcType=VARCHAR}, #{orderRemark,jdbcType=VARCHAR}, #{historyAccess,jdbcType=VARCHAR}, 
      #{nowAcess,jdbcType=VARCHAR}, #{username,jdbcType=VARCHAR})
  </insert>
  <insert id="insertSelective" parameterType="com.model.YoOrderChange" >
    insert into yo_order_change
    <trim prefix="(" suffix=")" suffixOverrides="," >
      <if test="id != null" >
        id,
      </if>
      <if test="staffId != null" >
        staff_id,
      </if>
      <if test="staffUserId != null" >
        staff_user_id,
      </if>
      <if test="department != null" >
        department,
      </if>
      <if test="project != null" >
        project,
      </if>
      <if test="orderName != null" >
        order_name,
      </if>
      <if test="orderNumber != null" >
        order_number,
      </if>
      <if test="principal != null" >
        principal,
      </if>
      <if test="businessProperty != null" >
        business_property,
      </if>
      <if test="outdoorJob != null" >
        outdoor_job,
      </if>
      <if test="changeProvince != null" >
        change_province,
      </if>
      <if test="changeCity != null" >
        change_city,
      </if>
      <if test="orderYear != null" >
        order_year,
      </if>
      <if test="modifyUser != null" >
        modify_user,
      </if>
      <if test="effectTime != null" >
        effect_time,
      </if>
      <if test="modifyTime != null" >
        modify_time,
      </if>
      <if test="orderStatus != null" >
        order_status,
      </if>
      <if test="yindaIdentify != null" >
        yinda_identify,
      </if>
      <if test="assess != null" >
        assess,
      </if>
      <if test="lte != null" >
        LTE,
      </if>
      <if test="contractType != null" >
        contract_type,
      </if>
      <if test="orderResult != null" >
        order_result,
      </if>
      <if test="orderRemark != null" >
        order_remark,
      </if>
      <if test="historyAccess != null" >
        history_access,
      </if>
      <if test="nowAcess != null" >
        now_acess,
      </if>
      <if test="username != null" >
        username,
      </if>
    </trim>
    <trim prefix="values (" suffix=")" suffixOverrides="," >
      <if test="id != null" >
        #{id,jdbcType=INTEGER},
      </if>
      <if test="staffId != null" >
        #{staffId,jdbcType=VARCHAR},
      </if>
      <if test="staffUserId != null" >
        #{staffUserId,jdbcType=VARCHAR},
      </if>
      <if test="department != null" >
        #{department,jdbcType=VARCHAR},
      </if>
      <if test="project != null" >
        #{project,jdbcType=VARCHAR},
      </if>
      <if test="orderName != null" >
        #{orderName,jdbcType=VARCHAR},
      </if>
      <if test="orderNumber != null" >
        #{orderNumber,jdbcType=VARCHAR},
      </if>
      <if test="principal != null" >
        #{principal,jdbcType=VARCHAR},
      </if>
      <if test="businessProperty != null" >
        #{businessProperty,jdbcType=VARCHAR},
      </if>
      <if test="outdoorJob != null" >
        #{outdoorJob,jdbcType=VARCHAR},
      </if>
      <if test="changeProvince != null" >
        #{changeProvince,jdbcType=VARCHAR},
      </if>
      <if test="changeCity != null" >
        #{changeCity,jdbcType=VARCHAR},
      </if>
      <if test="orderYear != null" >
        #{orderYear,jdbcType=VARCHAR},
      </if>
      <if test="modifyUser != null" >
        #{modifyUser,jdbcType=VARCHAR},
      </if>
      <if test="effectTime != null" >
        #{effectTime,jdbcType=VARCHAR},
      </if>
      <if test="modifyTime != null" >
        #{modifyTime,jdbcType=VARCHAR},
      </if>
      <if test="orderStatus != null" >
        #{orderStatus,jdbcType=VARCHAR},
      </if>
      <if test="yindaIdentify != null" >
        #{yindaIdentify,jdbcType=VARCHAR},
      </if>
      <if test="assess != null" >
        #{assess,jdbcType=VARCHAR},
      </if>
      <if test="lte != null" >
        #{lte,jdbcType=VARCHAR},
      </if>
      <if test="contractType != null" >
        #{contractType,jdbcType=VARCHAR},
      </if>
      <if test="orderResult != null" >
        #{orderResult,jdbcType=VARCHAR},
      </if>
      <if test="orderRemark != null" >
        #{orderRemark,jdbcType=VARCHAR},
      </if>
      <if test="historyAccess != null" >
        #{historyAccess,jdbcType=VARCHAR},
      </if>
      <if test="nowAcess != null" >
        #{nowAcess,jdbcType=VARCHAR},
      </if>
      <if test="username != null" >
        #{username,jdbcType=VARCHAR},
      </if>
    </trim>
  </insert>
  <update id="updateByPrimaryKeySelective" parameterType="com.model.YoOrderChange" >
    update yo_order_change
    <set >
      <if test="staffId != null" >
        staff_id = #{staffId,jdbcType=VARCHAR},
      </if>
      <if test="staffUserId != null" >
        staff_user_id = #{staffUserId,jdbcType=VARCHAR},
      </if>
      <if test="department != null" >
        department = #{department,jdbcType=VARCHAR},
      </if>
      <if test="project != null" >
        project = #{project,jdbcType=VARCHAR},
      </if>
      <if test="orderName != null" >
        order_name = #{orderName,jdbcType=VARCHAR},
      </if>
      <if test="orderNumber != null" >
        order_number = #{orderNumber,jdbcType=VARCHAR},
      </if>
      <if test="principal != null" >
        principal = #{principal,jdbcType=VARCHAR},
      </if>
      <if test="businessProperty != null" >
        business_property = #{businessProperty,jdbcType=VARCHAR},
      </if>
      <if test="outdoorJob != null" >
        outdoor_job = #{outdoorJob,jdbcType=VARCHAR},
      </if>
      <if test="changeProvince != null" >
        change_province = #{changeProvince,jdbcType=VARCHAR},
      </if>
      <if test="changeCity != null" >
        change_city = #{changeCity,jdbcType=VARCHAR},
      </if>
      <if test="orderYear != null" >
        order_year = #{orderYear,jdbcType=VARCHAR},
      </if>
      <if test="modifyUser != null" >
        modify_user = #{modifyUser,jdbcType=VARCHAR},
      </if>
      <if test="effectTime != null" >
        effect_time = #{effectTime,jdbcType=VARCHAR},
      </if>
      <if test="modifyTime != null" >
        modify_time = #{modifyTime,jdbcType=VARCHAR},
      </if>
      <if test="orderStatus != null" >
        order_status = #{orderStatus,jdbcType=VARCHAR},
      </if>
      <if test="yindaIdentify != null" >
        yinda_identify = #{yindaIdentify,jdbcType=VARCHAR},
      </if>
      <if test="assess != null" >
        assess = #{assess,jdbcType=VARCHAR},
      </if>
      <if test="lte != null" >
        LTE = #{lte,jdbcType=VARCHAR},
      </if>
      <if test="contractType != null" >
        contract_type = #{contractType,jdbcType=VARCHAR},
      </if>
      <if test="orderResult != null" >
        order_result = #{orderResult,jdbcType=VARCHAR},
      </if>
      <if test="orderRemark != null" >
        order_remark = #{orderRemark,jdbcType=VARCHAR},
      </if>
      <if test="historyAccess != null" >
        history_access = #{historyAccess,jdbcType=VARCHAR},
      </if>
      <if test="nowAcess != null" >
        now_acess = #{nowAcess,jdbcType=VARCHAR},
      </if>
      <if test="username != null" >
        username = #{username,jdbcType=VARCHAR},
      </if>
    </set>
    where id = #{id,jdbcType=INTEGER}
  </update>
  <update id="updateByPrimaryKey" parameterType="com.model.YoOrderChange" >
    update yo_order_change
    set staff_id = #{staffId,jdbcType=VARCHAR},
      staff_user_id = #{staffUserId,jdbcType=VARCHAR},
      department = #{department,jdbcType=VARCHAR},
      project = #{project,jdbcType=VARCHAR},
      order_name = #{orderName,jdbcType=VARCHAR},
      order_number = #{orderNumber,jdbcType=VARCHAR},
      principal = #{principal,jdbcType=VARCHAR},
      business_property = #{businessProperty,jdbcType=VARCHAR},
      outdoor_job = #{outdoorJob,jdbcType=VARCHAR},
      change_province = #{changeProvince,jdbcType=VARCHAR},
      change_city = #{changeCity,jdbcType=VARCHAR},
      order_year = #{orderYear,jdbcType=VARCHAR},
      modify_user = #{modifyUser,jdbcType=VARCHAR},
      effect_time = #{effectTime,jdbcType=VARCHAR},
      modify_time = #{modifyTime,jdbcType=VARCHAR},
      order_status = #{orderStatus,jdbcType=VARCHAR},
      yinda_identify = #{yindaIdentify,jdbcType=VARCHAR},
      assess = #{assess,jdbcType=VARCHAR},
      LTE = #{lte,jdbcType=VARCHAR},
      contract_type = #{contractType,jdbcType=VARCHAR},
      order_result = #{orderResult,jdbcType=VARCHAR},
      order_remark = #{orderRemark,jdbcType=VARCHAR},
      history_access = #{historyAccess,jdbcType=VARCHAR},
      now_acess = #{nowAcess,jdbcType=VARCHAR},
      username = #{username,jdbcType=VARCHAR}
    where id = #{id,jdbcType=INTEGER}
  </update>
  
  
   <insert id="add" parameterType="com.model.YoOrderChange"
          keyColumn="id" keyProperty="id" useGeneratedKeys="true">
      insert into yo_order_change ( staff_id, staff_user_id, 
      department, project, order_name, 
      order_number, principal, business_property, 
      outdoor_job, change_province, change_city, 
      order_year, modify_user, effect_time, 
      modify_time, order_status, yinda_identify, 
      assess, LTE, contract_type, 
      order_result, order_remark, history_access, 
      now_acess, username)
      values ( #{staffId,jdbcType=VARCHAR}, #{staffUserId,jdbcType=VARCHAR}, 
      #{department,jdbcType=VARCHAR}, #{project,jdbcType=VARCHAR}, #{orderName,jdbcType=VARCHAR}, 
      #{orderNumber,jdbcType=VARCHAR}, #{principal,jdbcType=VARCHAR}, #{businessProperty,jdbcType=VARCHAR}, 
      #{outdoorJob,jdbcType=VARCHAR}, #{changeProvince,jdbcType=VARCHAR}, #{changeCity,jdbcType=VARCHAR}, 
      #{orderYear,jdbcType=VARCHAR}, #{modifyUser,jdbcType=VARCHAR}, #{effectTime,jdbcType=VARCHAR}, 
      #{modifyTime,jdbcType=VARCHAR}, #{orderStatus,jdbcType=VARCHAR}, #{yindaIdentify,jdbcType=VARCHAR}, 
      #{assess,jdbcType=VARCHAR}, #{lte,jdbcType=VARCHAR}, #{contractType,jdbcType=VARCHAR}, 
      #{orderResult,jdbcType=VARCHAR}, #{orderRemark,jdbcType=VARCHAR}, #{historyAccess,jdbcType=VARCHAR}, 
      #{nowAcess,jdbcType=VARCHAR}, #{username,jdbcType=VARCHAR})
  </insert>
</mapper>