<?xml version="1.0" encoding="UTF-8" ?>
<!DOCTYPE mapper PUBLIC "-//mybatis.org//DTD Mapper 3.0//EN" "http://mybatis.org/dtd/mybatis-3-mapper.dtd" >
<mapper namespace="com.dao.YoRoleModuleMapper" >
  <resultMap id="BaseResultMap" type="com.model.YoRoleModule" >
    <id column="id" property="id" jdbcType="INTEGER" />
    <result column="role" property="role" jdbcType="VARCHAR" />
    <result column="module_name" property="moduleName" jdbcType="VARCHAR" />
    <result column="module_url" property="moduleUrl" jdbcType="VARCHAR" />
  </resultMap>
  <sql id="Example_Where_Clause" >
    <where >
      <foreach collection="oredCriteria" item="criteria" separator="or" >
        <if test="criteria.valid" >
          <trim prefix="(" suffix=")" prefixOverrides="and" >
            <foreach collection="criteria.criteria" item="criterion" >
              <choose >
                <when test="criterion.noValue" >
                  and ${criterion.condition}
                </when>
                <when test="criterion.singleValue" >
                  and ${criterion.condition} #{criterion.value}
                </when>
                <when test="criterion.betweenValue" >
                  and ${criterion.condition} #{criterion.value} and #{criterion.secondValue}
                </when>
                <when test="criterion.listValue" >
                  and ${criterion.condition}
                  <foreach collection="criterion.value" item="listItem" open="(" close=")" separator="," >
                    #{listItem}
                  </foreach>
                </when>
              </choose>
            </foreach>
          </trim>
        </if>
      </foreach>
    </where>
  </sql>
  <sql id="Base_Column_List" >
    id, role, module_name, module_url
  </sql>
  <select id="selectByExample" resultMap="BaseResultMap" parameterType="com.model.YoRoleModuleExample" >
    select
    <if test="distinct" >
      distinct
    </if>
    <include refid="Base_Column_List" />
    from yo_role_module
    <if test="_parameter != null" >
      <include refid="Example_Where_Clause" />
    </if>
    <if test="orderByClause != null" >
      order by ${orderByClause}
    </if>
  </select>
  <select id="selectByPrimaryKey" resultMap="BaseResultMap" parameterType="java.lang.Integer" >
    select 
    <include refid="Base_Column_List" />
    from yo_role_module
    where id = #{id,jdbcType=INTEGER}
  </select>
  <delete id="deleteByPrimaryKey" parameterType="java.lang.Integer" >
    delete from yo_role_module
    where id = #{id,jdbcType=INTEGER}
  </delete>
  <insert id="insert" parameterType="com.model.YoRoleModule" >
    insert into yo_role_module (id, role, module_name, 
      module_url)
    values (#{id,jdbcType=INTEGER}, #{role,jdbcType=VARCHAR}, #{moduleName,jdbcType=VARCHAR}, 
      #{moduleUrl,jdbcType=VARCHAR})
  </insert>
  <insert id="insertSelective" parameterType="com.model.YoRoleModule" >
    insert into yo_role_module
    <trim prefix="(" suffix=")" suffixOverrides="," >
      <if test="id != null" >
        id,
      </if>
      <if test="role != null" >
        role,
      </if>
      <if test="moduleName != null" >
        module_name,
      </if>
      <if test="moduleUrl != null" >
        module_url,
      </if>
    </trim>
    <trim prefix="values (" suffix=")" suffixOverrides="," >
      <if test="id != null" >
        #{id,jdbcType=INTEGER},
      </if>
      <if test="role != null" >
        #{role,jdbcType=VARCHAR},
      </if>
      <if test="moduleName != null" >
        #{moduleName,jdbcType=VARCHAR},
      </if>
      <if test="moduleUrl != null" >
        #{moduleUrl,jdbcType=VARCHAR},
      </if>
    </trim>
  </insert>
  <update id="updateByPrimaryKeySelective" parameterType="com.model.YoRoleModule" >
    update yo_role_module
    <set >
      <if test="role != null" >
        role = #{role,jdbcType=VARCHAR},
      </if>
      <if test="moduleName != null" >
        module_name = #{moduleName,jdbcType=VARCHAR},
      </if>
      <if test="moduleUrl != null" >
        module_url = #{moduleUrl,jdbcType=VARCHAR},
      </if>
    </set>
    where id = #{id,jdbcType=INTEGER}
  </update>
  <update id="updateByPrimaryKey" parameterType="com.model.YoRoleModule" >
    update yo_role_module
    set role = #{role,jdbcType=VARCHAR},
      module_name = #{moduleName,jdbcType=VARCHAR},
      module_url = #{moduleUrl,jdbcType=VARCHAR}
    where id = #{id,jdbcType=INTEGER}
  </update>
</mapper>