<?xml version="1.0" encoding="UTF-8"?>
<!DOCTYPE mapper PUBLIC "-//mybatis.org//DTD Mapper 3.0//EN" "http://mybatis.org/dtd/mybatis-3-mapper.dtd">
<mapper namespace="com.dao.YoStaffCurrentOrderMapper">
  <resultMap id="BaseResultMap" type="com.model.YoStaffCurrentOrder">
    <id column="sco_sequence_no" jdbcType="INTEGER" property="scoSequenceNo" />
    <result column="staff_user_id" jdbcType="VARCHAR" property="staffUserId" />
    <result column="sco_staff_id" jdbcType="VARCHAR" property="scoStaffId" />
    <result column="sco_order_no" jdbcType="VARCHAR" property="scoOrderNo" />
    <result column="sco_project_name" jdbcType="VARCHAR" property="scoProjectName" />
    <result column="sco_order_name" jdbcType="VARCHAR" property="scoOrderName" />
    <result column="sco_contrat_type" jdbcType="VARCHAR" property="scoContratType" />
    <result column="department" jdbcType="VARCHAR" property="department" />
    <result column="principal" jdbcType="VARCHAR" property="principal" />
    <result column="business_property" jdbcType="VARCHAR" property="businessProperty" />
    <result column="outdoor_job" jdbcType="VARCHAR" property="outdoorJob" />
    <result column="order_province" jdbcType="VARCHAR" property="orderProvince" />
    <result column="order_city" jdbcType="VARCHAR" property="orderCity" />
    <result column="order_year" jdbcType="VARCHAR" property="orderYear" />
    <result column="yinda_identify" jdbcType="VARCHAR" property="yindaIdentify" />
    <result column="lte" jdbcType="VARCHAR" property="lte" />
    <result column="modify_time" jdbcType="VARCHAR" property="modifyTime" />
    <result column="effect_time" jdbcType="VARCHAR" property="effectTime" />
  </resultMap>
  <sql id="Example_Where_Clause">
    <where>
      <foreach collection="oredCriteria" item="criteria" separator="or">
        <if test="criteria.valid">
          <trim prefix="(" prefixOverrides="and" suffix=")">
            <foreach collection="criteria.criteria" item="criterion">
              <choose>
                <when test="criterion.noValue">
                  and ${criterion.condition}
                </when>
                <when test="criterion.singleValue">
                  and ${criterion.condition} #{criterion.value}
                </when>
                <when test="criterion.betweenValue">
                  and ${criterion.condition} #{criterion.value} and #{criterion.secondValue}
                </when>
                <when test="criterion.listValue">
                  and ${criterion.condition}
                  <foreach close=")" collection="criterion.value" item="listItem" open="(" separator=",">
                    #{listItem}
                  </foreach>
                </when>
              </choose>
            </foreach>
          </trim>
        </if>
      </foreach>
    </where>
  </sql>
  <sql id="Base_Column_List">
    sco_sequence_no, staff_user_id, sco_staff_id, sco_order_no, sco_project_name, sco_order_name, 
    sco_contrat_type, department, principal, business_property, outdoor_job, order_province, 
    order_city, order_year, yinda_identify, lte, modify_time, effect_time
  </sql>
  <select id="selectByExample" parameterType="com.model.YoStaffCurrentOrderExample" resultMap="BaseResultMap">
    select
    <if test="distinct">
      distinct
    </if>
    <include refid="Base_Column_List" />
    from yo_staff_current_order
    <if test="_parameter != null">
      <include refid="Example_Where_Clause" />
    </if>
    <if test="orderByClause != null">
      order by ${orderByClause}
    </if>
  </select>
  <select id="selectByPrimaryKey" parameterType="java.lang.Integer" resultMap="BaseResultMap">
    select 
    <include refid="Base_Column_List" />
    from yo_staff_current_order
    where sco_sequence_no = #{scoSequenceNo,jdbcType=INTEGER}
  </select>
  <delete id="deleteByPrimaryKey" parameterType="java.lang.Integer">
    delete from yo_staff_current_order
    where sco_sequence_no = #{scoSequenceNo,jdbcType=INTEGER}
  </delete>
  <insert id="insert" parameterType="com.model.YoStaffCurrentOrder">
    insert into yo_staff_current_order (sco_sequence_no, staff_user_id, sco_staff_id, 
      sco_order_no, sco_project_name, sco_order_name, 
      sco_contrat_type, department, principal, 
      business_property, outdoor_job, order_province, 
      order_city, order_year, yinda_identify, 
      lte, modify_time, effect_time
      )
    values (#{scoSequenceNo,jdbcType=INTEGER}, #{staffUserId,jdbcType=VARCHAR}, #{scoStaffId,jdbcType=VARCHAR}, 
      #{scoOrderNo,jdbcType=VARCHAR}, #{scoProjectName,jdbcType=VARCHAR}, #{scoOrderName,jdbcType=VARCHAR}, 
      #{scoContratType,jdbcType=VARCHAR}, #{department,jdbcType=VARCHAR}, #{principal,jdbcType=VARCHAR}, 
      #{businessProperty,jdbcType=VARCHAR}, #{outdoorJob,jdbcType=VARCHAR}, #{orderProvince,jdbcType=VARCHAR}, 
      #{orderCity,jdbcType=VARCHAR}, #{orderYear,jdbcType=VARCHAR}, #{yindaIdentify,jdbcType=VARCHAR}, 
      #{lte,jdbcType=VARCHAR}, #{modifyTime,jdbcType=VARCHAR}, #{effectTime,jdbcType=VARCHAR}
      )
  </insert>
  <insert id="insertSelective" parameterType="com.model.YoStaffCurrentOrder">
    insert into yo_staff_current_order
    <trim prefix="(" suffix=")" suffixOverrides=",">
      <if test="scoSequenceNo != null">
        sco_sequence_no,
      </if>
      <if test="staffUserId != null">
        staff_user_id,
      </if>
      <if test="scoStaffId != null">
        sco_staff_id,
      </if>
      <if test="scoOrderNo != null">
        sco_order_no,
      </if>
      <if test="scoProjectName != null">
        sco_project_name,
      </if>
      <if test="scoOrderName != null">
        sco_order_name,
      </if>
      <if test="scoContratType != null">
        sco_contrat_type,
      </if>
      <if test="department != null">
        department,
      </if>
      <if test="principal != null">
        principal,
      </if>
      <if test="businessProperty != null">
        business_property,
      </if>
      <if test="outdoorJob != null">
        outdoor_job,
      </if>
      <if test="orderProvince != null">
        order_province,
      </if>
      <if test="orderCity != null">
        order_city,
      </if>
      <if test="orderYear != null">
        order_year,
      </if>
      <if test="yindaIdentify != null">
        yinda_identify,
      </if>
      <if test="lte != null">
        lte,
      </if>
      <if test="modifyTime != null">
        modify_time,
      </if>
      <if test="effectTime != null">
        effect_time,
      </if>
    </trim>
    <trim prefix="values (" suffix=")" suffixOverrides=",">
      <if test="scoSequenceNo != null">
        #{scoSequenceNo,jdbcType=INTEGER},
      </if>
      <if test="staffUserId != null">
        #{staffUserId,jdbcType=VARCHAR},
      </if>
      <if test="scoStaffId != null">
        #{scoStaffId,jdbcType=VARCHAR},
      </if>
      <if test="scoOrderNo != null">
        #{scoOrderNo,jdbcType=VARCHAR},
      </if>
      <if test="scoProjectName != null">
        #{scoProjectName,jdbcType=VARCHAR},
      </if>
      <if test="scoOrderName != null">
        #{scoOrderName,jdbcType=VARCHAR},
      </if>
      <if test="scoContratType != null">
        #{scoContratType,jdbcType=VARCHAR},
      </if>
      <if test="department != null">
        #{department,jdbcType=VARCHAR},
      </if>
      <if test="principal != null">
        #{principal,jdbcType=VARCHAR},
      </if>
      <if test="businessProperty != null">
        #{businessProperty,jdbcType=VARCHAR},
      </if>
      <if test="outdoorJob != null">
        #{outdoorJob,jdbcType=VARCHAR},
      </if>
      <if test="orderProvince != null">
        #{orderProvince,jdbcType=VARCHAR},
      </if>
      <if test="orderCity != null">
        #{orderCity,jdbcType=VARCHAR},
      </if>
      <if test="orderYear != null">
        #{orderYear,jdbcType=VARCHAR},
      </if>
      <if test="yindaIdentify != null">
        #{yindaIdentify,jdbcType=VARCHAR},
      </if>
      <if test="lte != null">
        #{lte,jdbcType=VARCHAR},
      </if>
      <if test="modifyTime != null">
        #{modifyTime,jdbcType=VARCHAR},
      </if>
      <if test="effectTime != null">
        #{effectTime,jdbcType=VARCHAR},
      </if>
    </trim>
  </insert>
  <update id="updateByPrimaryKeySelective" parameterType="com.model.YoStaffCurrentOrder">
    update yo_staff_current_order
    <set>
      <if test="staffUserId != null">
        staff_user_id = #{staffUserId,jdbcType=VARCHAR},
      </if>
      <if test="scoStaffId != null">
        sco_staff_id = #{scoStaffId,jdbcType=VARCHAR},
      </if>
      <if test="scoOrderNo != null">
        sco_order_no = #{scoOrderNo,jdbcType=VARCHAR},
      </if>
      <if test="scoProjectName != null">
        sco_project_name = #{scoProjectName,jdbcType=VARCHAR},
      </if>
      <if test="scoOrderName != null">
        sco_order_name = #{scoOrderName,jdbcType=VARCHAR},
      </if>
      <if test="scoContratType != null">
        sco_contrat_type = #{scoContratType,jdbcType=VARCHAR},
      </if>
      <if test="department != null">
        department = #{department,jdbcType=VARCHAR},
      </if>
      <if test="principal != null">
        principal = #{principal,jdbcType=VARCHAR},
      </if>
      <if test="businessProperty != null">
        business_property = #{businessProperty,jdbcType=VARCHAR},
      </if>
      <if test="outdoorJob != null">
        outdoor_job = #{outdoorJob,jdbcType=VARCHAR},
      </if>
      <if test="orderProvince != null">
        order_province = #{orderProvince,jdbcType=VARCHAR},
      </if>
      <if test="orderCity != null">
        order_city = #{orderCity,jdbcType=VARCHAR},
      </if>
      <if test="orderYear != null">
        order_year = #{orderYear,jdbcType=VARCHAR},
      </if>
      <if test="yindaIdentify != null">
        yinda_identify = #{yindaIdentify,jdbcType=VARCHAR},
      </if>
      <if test="lte != null">
        lte = #{lte,jdbcType=VARCHAR},
      </if>
      <if test="modifyTime != null">
        modify_time = #{modifyTime,jdbcType=VARCHAR},
      </if>
      <if test="effectTime != null">
        effect_time = #{effectTime,jdbcType=VARCHAR},
      </if>
    </set>
    where sco_sequence_no = #{scoSequenceNo,jdbcType=INTEGER}
  </update>
  <update id="updateByPrimaryKey" parameterType="com.model.YoStaffCurrentOrder">
    update yo_staff_current_order
    set staff_user_id = #{staffUserId,jdbcType=VARCHAR},
      sco_staff_id = #{scoStaffId,jdbcType=VARCHAR},
      sco_order_no = #{scoOrderNo,jdbcType=VARCHAR},
      sco_project_name = #{scoProjectName,jdbcType=VARCHAR},
      sco_order_name = #{scoOrderName,jdbcType=VARCHAR},
      sco_contrat_type = #{scoContratType,jdbcType=VARCHAR},
      department = #{department,jdbcType=VARCHAR},
      principal = #{principal,jdbcType=VARCHAR},
      business_property = #{businessProperty,jdbcType=VARCHAR},
      outdoor_job = #{outdoorJob,jdbcType=VARCHAR},
      order_province = #{orderProvince,jdbcType=VARCHAR},
      order_city = #{orderCity,jdbcType=VARCHAR},
      order_year = #{orderYear,jdbcType=VARCHAR},
      yinda_identify = #{yindaIdentify,jdbcType=VARCHAR},
      lte = #{lte,jdbcType=VARCHAR},
      modify_time = #{modifyTime,jdbcType=VARCHAR},
      effect_time = #{effectTime,jdbcType=VARCHAR}
    where sco_sequence_no = #{scoSequenceNo,jdbcType=INTEGER}
  </update>

</mapper>