<?xml version="1.0" encoding="UTF-8" ?>
<!DOCTYPE mapper PUBLIC "-//mybatis.org//DTD Mapper 3.0//EN" "http://mybatis.org/dtd/mybatis-3-mapper.dtd" >
<mapper namespace="com.dao.YoUserRoleMapper" >
  <resultMap id="BaseResultMap" type="com.model.YoUserRole" >
    <id column="id" property="id" jdbcType="INTEGER" />
    <result column="staff_id" property="staffId" jdbcType="VARCHAR" />
    <result column="role" property="role" jdbcType="VARCHAR" />
    <result column="password" property="password" jdbcType="VARCHAR" />
  </resultMap>
  <sql id="Example_Where_Clause" >
    <where >
      <foreach collection="oredCriteria" item="criteria" separator="or" >
        <if test="criteria.valid" >
          <trim prefix="(" suffix=")" prefixOverrides="and" >
            <foreach collection="criteria.criteria" item="criterion" >
              <choose >
                <when test="criterion.noValue" >
                  and ${criterion.condition}
                </when>
                <when test="criterion.singleValue" >
                  and ${criterion.condition} #{criterion.value}
                </when>
                <when test="criterion.betweenValue" >
                  and ${criterion.condition} #{criterion.value} and #{criterion.secondValue}
                </when>
                <when test="criterion.listValue" >
                  and ${criterion.condition}
                  <foreach collection="criterion.value" item="listItem" open="(" close=")" separator="," >
                    #{listItem}
                  </foreach>
                </when>
              </choose>
            </foreach>
          </trim>
        </if>
      </foreach>
    </where>
  </sql>
  <sql id="Base_Column_List" >
    id, staff_id, role, password
  </sql>
  <select id="selectByExample" resultMap="BaseResultMap" parameterType="com.model.YoUserRoleExample" >
    select
    <if test="distinct" >
      distinct
    </if>
    <include refid="Base_Column_List" />
    from yo_user_role
    <if test="_parameter != null" >
      <include refid="Example_Where_Clause" />
    </if>
    <if test="orderByClause != null" >
      order by ${orderByClause}
    </if>
  </select>
  <select id="selectByPrimaryKey" resultMap="BaseResultMap" parameterType="java.lang.Integer" >
    select 
    <include refid="Base_Column_List" />
    from yo_user_role
    where id = #{id,jdbcType=INTEGER}
  </select>
  <delete id="deleteByPrimaryKey" parameterType="java.lang.Integer" >
    delete from yo_user_role
    where id = #{id,jdbcType=INTEGER}
  </delete>
  <insert id="insert" parameterType="com.model.YoUserRole" >
    insert into yo_user_role (id, staff_id, role
      )
    values (#{id,jdbcType=INTEGER}, #{staffId,jdbcType=VARCHAR}, #{role,jdbcType=VARCHAR}
      )
  </insert>
  <insert id="insertSelective" parameterType="com.model.YoUserRole" >
    insert into yo_user_role
    <trim prefix="(" suffix=")" suffixOverrides="," >
      <if test="id != null" >
        id,
      </if>
      <if test="staffId != null" >
        staff_id,
      </if>
      <if test="role != null" >
        role,
      </if>
    </trim>
    <trim prefix="values (" suffix=")" suffixOverrides="," >
      <if test="id != null" >
        #{id,jdbcType=INTEGER},
      </if>
      <if test="staffId != null" >
        #{staffId,jdbcType=VARCHAR},
      </if>
      <if test="role != null" >
        #{role,jdbcType=VARCHAR},
      </if>
    </trim>
  </insert>
  <update id="updateByPrimaryKeySelective" parameterType="com.model.YoUserRole" >
    update yo_user_role
    <set >
      <if test="staffId != null" >
        staff_id = #{staffId,jdbcType=VARCHAR},
      </if>
      <if test="role != null" >
        role = #{role,jdbcType=VARCHAR},
      </if>
    </set>
    where id = #{id,jdbcType=INTEGER}
  </update>
  <update id="updateByPrimaryKey" parameterType="com.model.YoUserRole" >
    update yo_user_role
    set staff_id = #{staffId,jdbcType=VARCHAR},
      role = #{role,jdbcType=VARCHAR}
    where id = #{id,jdbcType=INTEGER}
  </update>
</mapper>